Type,Train Losses,Train Accuracies
normal,2.2183029437065125,0.16726
normal,2.2183029437065125,0.30588
normal,2.2183029437065125,0.36528
normal,2.2183029437065125,0.40886
normal,2.2183029437065125,0.44144
normal,2.2183029437065125,0.4668
normal,2.2183029437065125,0.48756
normal,2.2183029437065125,0.50522
normal,2.2183029437065125,0.51862
normal,2.2183029437065125,0.52766
normal,2.2183029437065125,0.54366
normal,2.2183029437065125,0.55248
normal,2.2183029437065125,0.56318
normal,2.2183029437065125,0.56846
normal,2.2183029437065125,0.58032
normal,2.2183029437065125,0.58854
normal,2.2183029437065125,0.5987
normal,2.2183029437065125,0.60472
normal,2.2183029437065125,0.6116
normal,2.2183029437065125,0.61684
normal,2.2183029437065125,0.62334
normal,2.2183029437065125,0.62686
normal,2.2183029437065125,0.63652
normal,2.2183029437065125,0.6395
normal,2.2183029437065125,0.64668
normal,2.2183029437065125,0.65
normal,2.2183029437065125,0.65546
normal,2.2183029437065125,0.66062
normal,2.2183029437065125,0.66712
normal,2.2183029437065125,0.66982
normal,2.2183029437065125,0.67396
normal,2.2183029437065125,0.67714
normal,2.2183029437065125,0.68368
normal,2.2183029437065125,0.68634
normal,2.2183029437065125,0.692
normal,2.2183029437065125,0.69722
normal,2.2183029437065125,0.69952
normal,2.2183029437065125,0.70454
normal,2.2183029437065125,0.70676
normal,2.2183029437065125,0.71038
normal,1.9348331484794616,0.16726
normal,1.9348331484794616,0.30588
normal,1.9348331484794616,0.36528
normal,1.9348331484794616,0.40886
normal,1.9348331484794616,0.44144
normal,1.9348331484794616,0.4668
normal,1.9348331484794616,0.48756
normal,1.9348331484794616,0.50522
normal,1.9348331484794616,0.51862
normal,1.9348331484794616,0.52766
normal,1.9348331484794616,0.54366
normal,1.9348331484794616,0.55248
normal,1.9348331484794616,0.56318
normal,1.9348331484794616,0.56846
normal,1.9348331484794616,0.58032
normal,1.9348331484794616,0.58854
normal,1.9348331484794616,0.5987
normal,1.9348331484794616,0.60472
normal,1.9348331484794616,0.6116
normal,1.9348331484794616,0.61684
normal,1.9348331484794616,0.62334
normal,1.9348331484794616,0.62686
normal,1.9348331484794616,0.63652
normal,1.9348331484794616,0.6395
normal,1.9348331484794616,0.64668
normal,1.9348331484794616,0.65
normal,1.9348331484794616,0.65546
normal,1.9348331484794616,0.66062
normal,1.9348331484794616,0.66712
normal,1.9348331484794616,0.66982
normal,1.9348331484794616,0.67396
normal,1.9348331484794616,0.67714
normal,1.9348331484794616,0.68368
normal,1.9348331484794616,0.68634
normal,1.9348331484794616,0.692
normal,1.9348331484794616,0.69722
normal,1.9348331484794616,0.69952
normal,1.9348331484794616,0.70454
normal,1.9348331484794616,0.70676
normal,1.9348331484794616,0.71038
normal,1.777852570772171,0.16726
normal,1.777852570772171,0.30588
normal,1.777852570772171,0.36528
normal,1.777852570772171,0.40886
normal,1.777852570772171,0.44144
normal,1.777852570772171,0.4668
normal,1.777852570772171,0.48756
normal,1.777852570772171,0.50522
normal,1.777852570772171,0.51862
normal,1.777852570772171,0.52766
normal,1.777852570772171,0.54366
normal,1.777852570772171,0.55248
normal,1.777852570772171,0.56318
normal,1.777852570772171,0.56846
normal,1.777852570772171,0.58032
normal,1.777852570772171,0.58854
normal,1.777852570772171,0.5987
normal,1.777852570772171,0.60472
normal,1.777852570772171,0.6116
normal,1.777852570772171,0.61684
normal,1.777852570772171,0.62334
normal,1.777852570772171,0.62686
normal,1.777852570772171,0.63652
normal,1.777852570772171,0.6395
normal,1.777852570772171,0.64668
normal,1.777852570772171,0.65
normal,1.777852570772171,0.65546
normal,1.777852570772171,0.66062
normal,1.777852570772171,0.66712
normal,1.777852570772171,0.66982
normal,1.777852570772171,0.67396
normal,1.777852570772171,0.67714
normal,1.777852570772171,0.68368
normal,1.777852570772171,0.68634
normal,1.777852570772171,0.692
normal,1.777852570772171,0.69722
normal,1.777852570772171,0.69952
normal,1.777852570772171,0.70454
normal,1.777852570772171,0.70676
normal,1.777852570772171,0.71038
normal,1.6516181335449218,0.16726
normal,1.6516181335449218,0.30588
normal,1.6516181335449218,0.36528
normal,1.6516181335449218,0.40886
normal,1.6516181335449218,0.44144
normal,1.6516181335449218,0.4668
normal,1.6516181335449218,0.48756
normal,1.6516181335449218,0.50522
normal,1.6516181335449218,0.51862
normal,1.6516181335449218,0.52766
normal,1.6516181335449218,0.54366
normal,1.6516181335449218,0.55248
normal,1.6516181335449218,0.56318
normal,1.6516181335449218,0.56846
normal,1.6516181335449218,0.58032
normal,1.6516181335449218,0.58854
normal,1.6516181335449218,0.5987
normal,1.6516181335449218,0.60472
normal,1.6516181335449218,0.6116
normal,1.6516181335449218,0.61684
normal,1.6516181335449218,0.62334
normal,1.6516181335449218,0.62686
normal,1.6516181335449218,0.63652
normal,1.6516181335449218,0.6395
normal,1.6516181335449218,0.64668
normal,1.6516181335449218,0.65
normal,1.6516181335449218,0.65546
normal,1.6516181335449218,0.66062
normal,1.6516181335449218,0.66712
normal,1.6516181335449218,0.66982
normal,1.6516181335449218,0.67396
normal,1.6516181335449218,0.67714
normal,1.6516181335449218,0.68368
normal,1.6516181335449218,0.68634
normal,1.6516181335449218,0.692
normal,1.6516181335449218,0.69722
normal,1.6516181335449218,0.69952
normal,1.6516181335449218,0.70454
normal,1.6516181335449218,0.70676
normal,1.6516181335449218,0.71038
normal,1.5592373294830322,0.16726
normal,1.5592373294830322,0.30588
normal,1.5592373294830322,0.36528
normal,1.5592373294830322,0.40886
normal,1.5592373294830322,0.44144
normal,1.5592373294830322,0.4668
normal,1.5592373294830322,0.48756
normal,1.5592373294830322,0.50522
normal,1.5592373294830322,0.51862
normal,1.5592373294830322,0.52766
normal,1.5592373294830322,0.54366
normal,1.5592373294830322,0.55248
normal,1.5592373294830322,0.56318
normal,1.5592373294830322,0.56846
normal,1.5592373294830322,0.58032
normal,1.5592373294830322,0.58854
normal,1.5592373294830322,0.5987
normal,1.5592373294830322,0.60472
normal,1.5592373294830322,0.6116
normal,1.5592373294830322,0.61684
normal,1.5592373294830322,0.62334
normal,1.5592373294830322,0.62686
normal,1.5592373294830322,0.63652
normal,1.5592373294830322,0.6395
normal,1.5592373294830322,0.64668
normal,1.5592373294830322,0.65
normal,1.5592373294830322,0.65546
normal,1.5592373294830322,0.66062
normal,1.5592373294830322,0.66712
normal,1.5592373294830322,0.66982
normal,1.5592373294830322,0.67396
normal,1.5592373294830322,0.67714
normal,1.5592373294830322,0.68368
normal,1.5592373294830322,0.68634
normal,1.5592373294830322,0.692
normal,1.5592373294830322,0.69722
normal,1.5592373294830322,0.69952
normal,1.5592373294830322,0.70454
normal,1.5592373294830322,0.70676
normal,1.5592373294830322,0.71038
normal,1.4838173551559448,0.16726
normal,1.4838173551559448,0.30588
normal,1.4838173551559448,0.36528
normal,1.4838173551559448,0.40886
normal,1.4838173551559448,0.44144
normal,1.4838173551559448,0.4668
normal,1.4838173551559448,0.48756
normal,1.4838173551559448,0.50522
normal,1.4838173551559448,0.51862
normal,1.4838173551559448,0.52766
normal,1.4838173551559448,0.54366
normal,1.4838173551559448,0.55248
normal,1.4838173551559448,0.56318
normal,1.4838173551559448,0.56846
normal,1.4838173551559448,0.58032
normal,1.4838173551559448,0.58854
normal,1.4838173551559448,0.5987
normal,1.4838173551559448,0.60472
normal,1.4838173551559448,0.6116
normal,1.4838173551559448,0.61684
normal,1.4838173551559448,0.62334
normal,1.4838173551559448,0.62686
normal,1.4838173551559448,0.63652
normal,1.4838173551559448,0.6395
normal,1.4838173551559448,0.64668
normal,1.4838173551559448,0.65
normal,1.4838173551559448,0.65546
normal,1.4838173551559448,0.66062
normal,1.4838173551559448,0.66712
normal,1.4838173551559448,0.66982
normal,1.4838173551559448,0.67396
normal,1.4838173551559448,0.67714
normal,1.4838173551559448,0.68368
normal,1.4838173551559448,0.68634
normal,1.4838173551559448,0.692
normal,1.4838173551559448,0.69722
normal,1.4838173551559448,0.69952
normal,1.4838173551559448,0.70454
normal,1.4838173551559448,0.70676
normal,1.4838173551559448,0.71038
normal,1.4292534589767456,0.16726
normal,1.4292534589767456,0.30588
normal,1.4292534589767456,0.36528
normal,1.4292534589767456,0.40886
normal,1.4292534589767456,0.44144
normal,1.4292534589767456,0.4668
normal,1.4292534589767456,0.48756
normal,1.4292534589767456,0.50522
normal,1.4292534589767456,0.51862
normal,1.4292534589767456,0.52766
normal,1.4292534589767456,0.54366
normal,1.4292534589767456,0.55248
normal,1.4292534589767456,0.56318
normal,1.4292534589767456,0.56846
normal,1.4292534589767456,0.58032
normal,1.4292534589767456,0.58854
normal,1.4292534589767456,0.5987
normal,1.4292534589767456,0.60472
normal,1.4292534589767456,0.6116
normal,1.4292534589767456,0.61684
normal,1.4292534589767456,0.62334
normal,1.4292534589767456,0.62686
normal,1.4292534589767456,0.63652
normal,1.4292534589767456,0.6395
normal,1.4292534589767456,0.64668
normal,1.4292534589767456,0.65
normal,1.4292534589767456,0.65546
normal,1.4292534589767456,0.66062
normal,1.4292534589767456,0.66712
normal,1.4292534589767456,0.66982
normal,1.4292534589767456,0.67396
normal,1.4292534589767456,0.67714
normal,1.4292534589767456,0.68368
normal,1.4292534589767456,0.68634
normal,1.4292534589767456,0.692
normal,1.4292534589767456,0.69722
normal,1.4292534589767456,0.69952
normal,1.4292534589767456,0.70454
normal,1.4292534589767456,0.70676
normal,1.4292534589767456,0.71038
normal,1.382988819360733,0.16726
normal,1.382988819360733,0.30588
normal,1.382988819360733,0.36528
normal,1.382988819360733,0.40886
normal,1.382988819360733,0.44144
normal,1.382988819360733,0.4668
normal,1.382988819360733,0.48756
normal,1.382988819360733,0.50522
normal,1.382988819360733,0.51862
normal,1.382988819360733,0.52766
normal,1.382988819360733,0.54366
normal,1.382988819360733,0.55248
normal,1.382988819360733,0.56318
normal,1.382988819360733,0.56846
normal,1.382988819360733,0.58032
normal,1.382988819360733,0.58854
normal,1.382988819360733,0.5987
normal,1.382988819360733,0.60472
normal,1.382988819360733,0.6116
normal,1.382988819360733,0.61684
normal,1.382988819360733,0.62334
normal,1.382988819360733,0.62686
normal,1.382988819360733,0.63652
normal,1.382988819360733,0.6395
normal,1.382988819360733,0.64668
normal,1.382988819360733,0.65
normal,1.382988819360733,0.65546
normal,1.382988819360733,0.66062
normal,1.382988819360733,0.66712
normal,1.382988819360733,0.66982
normal,1.382988819360733,0.67396
normal,1.382988819360733,0.67714
normal,1.382988819360733,0.68368
normal,1.382988819360733,0.68634
normal,1.382988819360733,0.692
normal,1.382988819360733,0.69722
normal,1.382988819360733,0.69952
normal,1.382988819360733,0.70454
normal,1.382988819360733,0.70676
normal,1.382988819360733,0.71038
normal,1.3485210435390473,0.16726
normal,1.3485210435390473,0.30588
normal,1.3485210435390473,0.36528
normal,1.3485210435390473,0.40886
normal,1.3485210435390473,0.44144
normal,1.3485210435390473,0.4668
normal,1.3485210435390473,0.48756
normal,1.3485210435390473,0.50522
normal,1.3485210435390473,0.51862
normal,1.3485210435390473,0.52766
normal,1.3485210435390473,0.54366
normal,1.3485210435390473,0.55248
normal,1.3485210435390473,0.56318
normal,1.3485210435390473,0.56846
normal,1.3485210435390473,0.58032
normal,1.3485210435390473,0.58854
normal,1.3485210435390473,0.5987
normal,1.3485210435390473,0.60472
normal,1.3485210435390473,0.6116
normal,1.3485210435390473,0.61684
normal,1.3485210435390473,0.62334
normal,1.3485210435390473,0.62686
normal,1.3485210435390473,0.63652
normal,1.3485210435390473,0.6395
normal,1.3485210435390473,0.64668
normal,1.3485210435390473,0.65
normal,1.3485210435390473,0.65546
normal,1.3485210435390473,0.66062
normal,1.3485210435390473,0.66712
normal,1.3485210435390473,0.66982
normal,1.3485210435390473,0.67396
normal,1.3485210435390473,0.67714
normal,1.3485210435390473,0.68368
normal,1.3485210435390473,0.68634
normal,1.3485210435390473,0.692
normal,1.3485210435390473,0.69722
normal,1.3485210435390473,0.69952
normal,1.3485210435390473,0.70454
normal,1.3485210435390473,0.70676
normal,1.3485210435390473,0.71038
normal,1.3155848186016084,0.16726
normal,1.3155848186016084,0.30588
normal,1.3155848186016084,0.36528
normal,1.3155848186016084,0.40886
normal,1.3155848186016084,0.44144
normal,1.3155848186016084,0.4668
normal,1.3155848186016084,0.48756
normal,1.3155848186016084,0.50522
normal,1.3155848186016084,0.51862
normal,1.3155848186016084,0.52766
normal,1.3155848186016084,0.54366
normal,1.3155848186016084,0.55248
normal,1.3155848186016084,0.56318
normal,1.3155848186016084,0.56846
normal,1.3155848186016084,0.58032
normal,1.3155848186016084,0.58854
normal,1.3155848186016084,0.5987
normal,1.3155848186016084,0.60472
normal,1.3155848186016084,0.6116
normal,1.3155848186016084,0.61684
normal,1.3155848186016084,0.62334
normal,1.3155848186016084,0.62686
normal,1.3155848186016084,0.63652
normal,1.3155848186016084,0.6395
normal,1.3155848186016084,0.64668
normal,1.3155848186016084,0.65
normal,1.3155848186016084,0.65546
normal,1.3155848186016084,0.66062
normal,1.3155848186016084,0.66712
normal,1.3155848186016084,0.66982
normal,1.3155848186016084,0.67396
normal,1.3155848186016084,0.67714
normal,1.3155848186016084,0.68368
normal,1.3155848186016084,0.68634
normal,1.3155848186016084,0.692
normal,1.3155848186016084,0.69722
normal,1.3155848186016084,0.69952
normal,1.3155848186016084,0.70454
normal,1.3155848186016084,0.70676
normal,1.3155848186016084,0.71038
normal,1.2834926736354828,0.16726
normal,1.2834926736354828,0.30588
normal,1.2834926736354828,0.36528
normal,1.2834926736354828,0.40886
normal,1.2834926736354828,0.44144
normal,1.2834926736354828,0.4668
normal,1.2834926736354828,0.48756
normal,1.2834926736354828,0.50522
normal,1.2834926736354828,0.51862
normal,1.2834926736354828,0.52766
normal,1.2834926736354828,0.54366
normal,1.2834926736354828,0.55248
normal,1.2834926736354828,0.56318
normal,1.2834926736354828,0.56846
normal,1.2834926736354828,0.58032
normal,1.2834926736354828,0.58854
normal,1.2834926736354828,0.5987
normal,1.2834926736354828,0.60472
normal,1.2834926736354828,0.6116
normal,1.2834926736354828,0.61684
normal,1.2834926736354828,0.62334
normal,1.2834926736354828,0.62686
normal,1.2834926736354828,0.63652
normal,1.2834926736354828,0.6395
normal,1.2834926736354828,0.64668
normal,1.2834926736354828,0.65
normal,1.2834926736354828,0.65546
normal,1.2834926736354828,0.66062
normal,1.2834926736354828,0.66712
normal,1.2834926736354828,0.66982
normal,1.2834926736354828,0.67396
normal,1.2834926736354828,0.67714
normal,1.2834926736354828,0.68368
normal,1.2834926736354828,0.68634
normal,1.2834926736354828,0.692
normal,1.2834926736354828,0.69722
normal,1.2834926736354828,0.69952
normal,1.2834926736354828,0.70454
normal,1.2834926736354828,0.70676
normal,1.2834926736354828,0.71038
normal,1.2563093388080597,0.16726
normal,1.2563093388080597,0.30588
normal,1.2563093388080597,0.36528
normal,1.2563093388080597,0.40886
normal,1.2563093388080597,0.44144
normal,1.2563093388080597,0.4668
normal,1.2563093388080597,0.48756
normal,1.2563093388080597,0.50522
normal,1.2563093388080597,0.51862
normal,1.2563093388080597,0.52766
normal,1.2563093388080597,0.54366
normal,1.2563093388080597,0.55248
normal,1.2563093388080597,0.56318
normal,1.2563093388080597,0.56846
normal,1.2563093388080597,0.58032
normal,1.2563093388080597,0.58854
normal,1.2563093388080597,0.5987
normal,1.2563093388080597,0.60472
normal,1.2563093388080597,0.6116
normal,1.2563093388080597,0.61684
normal,1.2563093388080597,0.62334
normal,1.2563093388080597,0.62686
normal,1.2563093388080597,0.63652
normal,1.2563093388080597,0.6395
normal,1.2563093388080597,0.64668
normal,1.2563093388080597,0.65
normal,1.2563093388080597,0.65546
normal,1.2563093388080597,0.66062
normal,1.2563093388080597,0.66712
normal,1.2563093388080597,0.66982
normal,1.2563093388080597,0.67396
normal,1.2563093388080597,0.67714
normal,1.2563093388080597,0.68368
normal,1.2563093388080597,0.68634
normal,1.2563093388080597,0.692
normal,1.2563093388080597,0.69722
normal,1.2563093388080597,0.69952
normal,1.2563093388080597,0.70454
normal,1.2563093388080597,0.70676
normal,1.2563093388080597,0.71038
normal,1.23075525867939,0.16726
normal,1.23075525867939,0.30588
normal,1.23075525867939,0.36528
normal,1.23075525867939,0.40886
normal,1.23075525867939,0.44144
normal,1.23075525867939,0.4668
normal,1.23075525867939,0.48756
normal,1.23075525867939,0.50522
normal,1.23075525867939,0.51862
normal,1.23075525867939,0.52766
normal,1.23075525867939,0.54366
normal,1.23075525867939,0.55248
normal,1.23075525867939,0.56318
normal,1.23075525867939,0.56846
normal,1.23075525867939,0.58032
normal,1.23075525867939,0.58854
normal,1.23075525867939,0.5987
normal,1.23075525867939,0.60472
normal,1.23075525867939,0.6116
normal,1.23075525867939,0.61684
normal,1.23075525867939,0.62334
normal,1.23075525867939,0.62686
normal,1.23075525867939,0.63652
normal,1.23075525867939,0.6395
normal,1.23075525867939,0.64668
normal,1.23075525867939,0.65
normal,1.23075525867939,0.65546
normal,1.23075525867939,0.66062
normal,1.23075525867939,0.66712
normal,1.23075525867939,0.66982
normal,1.23075525867939,0.67396
normal,1.23075525867939,0.67714
normal,1.23075525867939,0.68368
normal,1.23075525867939,0.68634
normal,1.23075525867939,0.692
normal,1.23075525867939,0.69722
normal,1.23075525867939,0.69952
normal,1.23075525867939,0.70454
normal,1.23075525867939,0.70676
normal,1.23075525867939,0.71038
normal,1.2071609621047974,0.16726
normal,1.2071609621047974,0.30588
normal,1.2071609621047974,0.36528
normal,1.2071609621047974,0.40886
normal,1.2071609621047974,0.44144
normal,1.2071609621047974,0.4668
normal,1.2071609621047974,0.48756
normal,1.2071609621047974,0.50522
normal,1.2071609621047974,0.51862
normal,1.2071609621047974,0.52766
normal,1.2071609621047974,0.54366
normal,1.2071609621047974,0.55248
normal,1.2071609621047974,0.56318
normal,1.2071609621047974,0.56846
normal,1.2071609621047974,0.58032
normal,1.2071609621047974,0.58854
normal,1.2071609621047974,0.5987
normal,1.2071609621047974,0.60472
normal,1.2071609621047974,0.6116
normal,1.2071609621047974,0.61684
normal,1.2071609621047974,0.62334
normal,1.2071609621047974,0.62686
normal,1.2071609621047974,0.63652
normal,1.2071609621047974,0.6395
normal,1.2071609621047974,0.64668
normal,1.2071609621047974,0.65
normal,1.2071609621047974,0.65546
normal,1.2071609621047974,0.66062
normal,1.2071609621047974,0.66712
normal,1.2071609621047974,0.66982
normal,1.2071609621047974,0.67396
normal,1.2071609621047974,0.67714
normal,1.2071609621047974,0.68368
normal,1.2071609621047974,0.68634
normal,1.2071609621047974,0.692
normal,1.2071609621047974,0.69722
normal,1.2071609621047974,0.69952
normal,1.2071609621047974,0.70454
normal,1.2071609621047974,0.70676
normal,1.2071609621047974,0.71038
normal,1.1826830585002899,0.16726
normal,1.1826830585002899,0.30588
normal,1.1826830585002899,0.36528
normal,1.1826830585002899,0.40886
normal,1.1826830585002899,0.44144
normal,1.1826830585002899,0.4668
normal,1.1826830585002899,0.48756
normal,1.1826830585002899,0.50522
normal,1.1826830585002899,0.51862
normal,1.1826830585002899,0.52766
normal,1.1826830585002899,0.54366
normal,1.1826830585002899,0.55248
normal,1.1826830585002899,0.56318
normal,1.1826830585002899,0.56846
normal,1.1826830585002899,0.58032
normal,1.1826830585002899,0.58854
normal,1.1826830585002899,0.5987
normal,1.1826830585002899,0.60472
normal,1.1826830585002899,0.6116
normal,1.1826830585002899,0.61684
normal,1.1826830585002899,0.62334
normal,1.1826830585002899,0.62686
normal,1.1826830585002899,0.63652
normal,1.1826830585002899,0.6395
normal,1.1826830585002899,0.64668
normal,1.1826830585002899,0.65
normal,1.1826830585002899,0.65546
normal,1.1826830585002899,0.66062
normal,1.1826830585002899,0.66712
normal,1.1826830585002899,0.66982
normal,1.1826830585002899,0.67396
normal,1.1826830585002899,0.67714
normal,1.1826830585002899,0.68368
normal,1.1826830585002899,0.68634
normal,1.1826830585002899,0.692
normal,1.1826830585002899,0.69722
normal,1.1826830585002899,0.69952
normal,1.1826830585002899,0.70454
normal,1.1826830585002899,0.70676
normal,1.1826830585002899,0.71038
normal,1.1608455430269242,0.16726
normal,1.1608455430269242,0.30588
normal,1.1608455430269242,0.36528
normal,1.1608455430269242,0.40886
normal,1.1608455430269242,0.44144
normal,1.1608455430269242,0.4668
normal,1.1608455430269242,0.48756
normal,1.1608455430269242,0.50522
normal,1.1608455430269242,0.51862
normal,1.1608455430269242,0.52766
normal,1.1608455430269242,0.54366
normal,1.1608455430269242,0.55248
normal,1.1608455430269242,0.56318
normal,1.1608455430269242,0.56846
normal,1.1608455430269242,0.58032
normal,1.1608455430269242,0.58854
normal,1.1608455430269242,0.5987
normal,1.1608455430269242,0.60472
normal,1.1608455430269242,0.6116
normal,1.1608455430269242,0.61684
normal,1.1608455430269242,0.62334
normal,1.1608455430269242,0.62686
normal,1.1608455430269242,0.63652
normal,1.1608455430269242,0.6395
normal,1.1608455430269242,0.64668
normal,1.1608455430269242,0.65
normal,1.1608455430269242,0.65546
normal,1.1608455430269242,0.66062
normal,1.1608455430269242,0.66712
normal,1.1608455430269242,0.66982
normal,1.1608455430269242,0.67396
normal,1.1608455430269242,0.67714
normal,1.1608455430269242,0.68368
normal,1.1608455430269242,0.68634
normal,1.1608455430269242,0.692
normal,1.1608455430269242,0.69722
normal,1.1608455430269242,0.69952
normal,1.1608455430269242,0.70454
normal,1.1608455430269242,0.70676
normal,1.1608455430269242,0.71038
normal,1.1406722745895386,0.16726
normal,1.1406722745895386,0.30588
normal,1.1406722745895386,0.36528
normal,1.1406722745895386,0.40886
normal,1.1406722745895386,0.44144
normal,1.1406722745895386,0.4668
normal,1.1406722745895386,0.48756
normal,1.1406722745895386,0.50522
normal,1.1406722745895386,0.51862
normal,1.1406722745895386,0.52766
normal,1.1406722745895386,0.54366
normal,1.1406722745895386,0.55248
normal,1.1406722745895386,0.56318
normal,1.1406722745895386,0.56846
normal,1.1406722745895386,0.58032
normal,1.1406722745895386,0.58854
normal,1.1406722745895386,0.5987
normal,1.1406722745895386,0.60472
normal,1.1406722745895386,0.6116
normal,1.1406722745895386,0.61684
normal,1.1406722745895386,0.62334
normal,1.1406722745895386,0.62686
normal,1.1406722745895386,0.63652
normal,1.1406722745895386,0.6395
normal,1.1406722745895386,0.64668
normal,1.1406722745895386,0.65
normal,1.1406722745895386,0.65546
normal,1.1406722745895386,0.66062
normal,1.1406722745895386,0.66712
normal,1.1406722745895386,0.66982
normal,1.1406722745895386,0.67396
normal,1.1406722745895386,0.67714
normal,1.1406722745895386,0.68368
normal,1.1406722745895386,0.68634
normal,1.1406722745895386,0.692
normal,1.1406722745895386,0.69722
normal,1.1406722745895386,0.69952
normal,1.1406722745895386,0.70454
normal,1.1406722745895386,0.70676
normal,1.1406722745895386,0.71038
normal,1.1217787092924119,0.16726
normal,1.1217787092924119,0.30588
normal,1.1217787092924119,0.36528
normal,1.1217787092924119,0.40886
normal,1.1217787092924119,0.44144
normal,1.1217787092924119,0.4668
normal,1.1217787092924119,0.48756
normal,1.1217787092924119,0.50522
normal,1.1217787092924119,0.51862
normal,1.1217787092924119,0.52766
normal,1.1217787092924119,0.54366
normal,1.1217787092924119,0.55248
normal,1.1217787092924119,0.56318
normal,1.1217787092924119,0.56846
normal,1.1217787092924119,0.58032
normal,1.1217787092924119,0.58854
normal,1.1217787092924119,0.5987
normal,1.1217787092924119,0.60472
normal,1.1217787092924119,0.6116
normal,1.1217787092924119,0.61684
normal,1.1217787092924119,0.62334
normal,1.1217787092924119,0.62686
normal,1.1217787092924119,0.63652
normal,1.1217787092924119,0.6395
normal,1.1217787092924119,0.64668
normal,1.1217787092924119,0.65
normal,1.1217787092924119,0.65546
normal,1.1217787092924119,0.66062
normal,1.1217787092924119,0.66712
normal,1.1217787092924119,0.66982
normal,1.1217787092924119,0.67396
normal,1.1217787092924119,0.67714
normal,1.1217787092924119,0.68368
normal,1.1217787092924119,0.68634
normal,1.1217787092924119,0.692
normal,1.1217787092924119,0.69722
normal,1.1217787092924119,0.69952
normal,1.1217787092924119,0.70454
normal,1.1217787092924119,0.70676
normal,1.1217787092924119,0.71038
normal,1.1049501087665559,0.16726
normal,1.1049501087665559,0.30588
normal,1.1049501087665559,0.36528
normal,1.1049501087665559,0.40886
normal,1.1049501087665559,0.44144
normal,1.1049501087665559,0.4668
normal,1.1049501087665559,0.48756
normal,1.1049501087665559,0.50522
normal,1.1049501087665559,0.51862
normal,1.1049501087665559,0.52766
normal,1.1049501087665559,0.54366
normal,1.1049501087665559,0.55248
normal,1.1049501087665559,0.56318
normal,1.1049501087665559,0.56846
normal,1.1049501087665559,0.58032
normal,1.1049501087665559,0.58854
normal,1.1049501087665559,0.5987
normal,1.1049501087665559,0.60472
normal,1.1049501087665559,0.6116
normal,1.1049501087665559,0.61684
normal,1.1049501087665559,0.62334
normal,1.1049501087665559,0.62686
normal,1.1049501087665559,0.63652
normal,1.1049501087665559,0.6395
normal,1.1049501087665559,0.64668
normal,1.1049501087665559,0.65
normal,1.1049501087665559,0.65546
normal,1.1049501087665559,0.66062
normal,1.1049501087665559,0.66712
normal,1.1049501087665559,0.66982
normal,1.1049501087665559,0.67396
normal,1.1049501087665559,0.67714
normal,1.1049501087665559,0.68368
normal,1.1049501087665559,0.68634
normal,1.1049501087665559,0.692
normal,1.1049501087665559,0.69722
normal,1.1049501087665559,0.69952
normal,1.1049501087665559,0.70454
normal,1.1049501087665559,0.70676
normal,1.1049501087665559,0.71038
normal,1.086854499101639,0.16726
normal,1.086854499101639,0.30588
normal,1.086854499101639,0.36528
normal,1.086854499101639,0.40886
normal,1.086854499101639,0.44144
normal,1.086854499101639,0.4668
normal,1.086854499101639,0.48756
normal,1.086854499101639,0.50522
normal,1.086854499101639,0.51862
normal,1.086854499101639,0.52766
normal,1.086854499101639,0.54366
normal,1.086854499101639,0.55248
normal,1.086854499101639,0.56318
normal,1.086854499101639,0.56846
normal,1.086854499101639,0.58032
normal,1.086854499101639,0.58854
normal,1.086854499101639,0.5987
normal,1.086854499101639,0.60472
normal,1.086854499101639,0.6116
normal,1.086854499101639,0.61684
normal,1.086854499101639,0.62334
normal,1.086854499101639,0.62686
normal,1.086854499101639,0.63652
normal,1.086854499101639,0.6395
normal,1.086854499101639,0.64668
normal,1.086854499101639,0.65
normal,1.086854499101639,0.65546
normal,1.086854499101639,0.66062
normal,1.086854499101639,0.66712
normal,1.086854499101639,0.66982
normal,1.086854499101639,0.67396
normal,1.086854499101639,0.67714
normal,1.086854499101639,0.68368
normal,1.086854499101639,0.68634
normal,1.086854499101639,0.692
normal,1.086854499101639,0.69722
normal,1.086854499101639,0.69952
normal,1.086854499101639,0.70454
normal,1.086854499101639,0.70676
normal,1.086854499101639,0.71038
normal,1.0682391892671586,0.16726
normal,1.0682391892671586,0.30588
normal,1.0682391892671586,0.36528
normal,1.0682391892671586,0.40886
normal,1.0682391892671586,0.44144
normal,1.0682391892671586,0.4668
normal,1.0682391892671586,0.48756
normal,1.0682391892671586,0.50522
normal,1.0682391892671586,0.51862
normal,1.0682391892671586,0.52766
normal,1.0682391892671586,0.54366
normal,1.0682391892671586,0.55248
normal,1.0682391892671586,0.56318
normal,1.0682391892671586,0.56846
normal,1.0682391892671586,0.58032
normal,1.0682391892671586,0.58854
normal,1.0682391892671586,0.5987
normal,1.0682391892671586,0.60472
normal,1.0682391892671586,0.6116
normal,1.0682391892671586,0.61684
normal,1.0682391892671586,0.62334
normal,1.0682391892671586,0.62686
normal,1.0682391892671586,0.63652
normal,1.0682391892671586,0.6395
normal,1.0682391892671586,0.64668
normal,1.0682391892671586,0.65
normal,1.0682391892671586,0.65546
normal,1.0682391892671586,0.66062
normal,1.0682391892671586,0.66712
normal,1.0682391892671586,0.66982
normal,1.0682391892671586,0.67396
normal,1.0682391892671586,0.67714
normal,1.0682391892671586,0.68368
normal,1.0682391892671586,0.68634
normal,1.0682391892671586,0.692
normal,1.0682391892671586,0.69722
normal,1.0682391892671586,0.69952
normal,1.0682391892671586,0.70454
normal,1.0682391892671586,0.70676
normal,1.0682391892671586,0.71038
normal,1.055886962890625,0.16726
normal,1.055886962890625,0.30588
normal,1.055886962890625,0.36528
normal,1.055886962890625,0.40886
normal,1.055886962890625,0.44144
normal,1.055886962890625,0.4668
normal,1.055886962890625,0.48756
normal,1.055886962890625,0.50522
normal,1.055886962890625,0.51862
normal,1.055886962890625,0.52766
normal,1.055886962890625,0.54366
normal,1.055886962890625,0.55248
normal,1.055886962890625,0.56318
normal,1.055886962890625,0.56846
normal,1.055886962890625,0.58032
normal,1.055886962890625,0.58854
normal,1.055886962890625,0.5987
normal,1.055886962890625,0.60472
normal,1.055886962890625,0.6116
normal,1.055886962890625,0.61684
normal,1.055886962890625,0.62334
normal,1.055886962890625,0.62686
normal,1.055886962890625,0.63652
normal,1.055886962890625,0.6395
normal,1.055886962890625,0.64668
normal,1.055886962890625,0.65
normal,1.055886962890625,0.65546
normal,1.055886962890625,0.66062
normal,1.055886962890625,0.66712
normal,1.055886962890625,0.66982
normal,1.055886962890625,0.67396
normal,1.055886962890625,0.67714
normal,1.055886962890625,0.68368
normal,1.055886962890625,0.68634
normal,1.055886962890625,0.692
normal,1.055886962890625,0.69722
normal,1.055886962890625,0.69952
normal,1.055886962890625,0.70454
normal,1.055886962890625,0.70676
normal,1.055886962890625,0.71038
normal,1.0381268759965896,0.16726
normal,1.0381268759965896,0.30588
normal,1.0381268759965896,0.36528
normal,1.0381268759965896,0.40886
normal,1.0381268759965896,0.44144
normal,1.0381268759965896,0.4668
normal,1.0381268759965896,0.48756
normal,1.0381268759965896,0.50522
normal,1.0381268759965896,0.51862
normal,1.0381268759965896,0.52766
normal,1.0381268759965896,0.54366
normal,1.0381268759965896,0.55248
normal,1.0381268759965896,0.56318
normal,1.0381268759965896,0.56846
normal,1.0381268759965896,0.58032
normal,1.0381268759965896,0.58854
normal,1.0381268759965896,0.5987
normal,1.0381268759965896,0.60472
normal,1.0381268759965896,0.6116
normal,1.0381268759965896,0.61684
normal,1.0381268759965896,0.62334
normal,1.0381268759965896,0.62686
normal,1.0381268759965896,0.63652
normal,1.0381268759965896,0.6395
normal,1.0381268759965896,0.64668
normal,1.0381268759965896,0.65
normal,1.0381268759965896,0.65546
normal,1.0381268759965896,0.66062
normal,1.0381268759965896,0.66712
normal,1.0381268759965896,0.66982
normal,1.0381268759965896,0.67396
normal,1.0381268759965896,0.67714
normal,1.0381268759965896,0.68368
normal,1.0381268759965896,0.68634
normal,1.0381268759965896,0.692
normal,1.0381268759965896,0.69722
normal,1.0381268759965896,0.69952
normal,1.0381268759965896,0.70454
normal,1.0381268759965896,0.70676
normal,1.0381268759965896,0.71038
normal,1.0252211980819703,0.16726
normal,1.0252211980819703,0.30588
normal,1.0252211980819703,0.36528
normal,1.0252211980819703,0.40886
normal,1.0252211980819703,0.44144
normal,1.0252211980819703,0.4668
normal,1.0252211980819703,0.48756
normal,1.0252211980819703,0.50522
normal,1.0252211980819703,0.51862
normal,1.0252211980819703,0.52766
normal,1.0252211980819703,0.54366
normal,1.0252211980819703,0.55248
normal,1.0252211980819703,0.56318
normal,1.0252211980819703,0.56846
normal,1.0252211980819703,0.58032
normal,1.0252211980819703,0.58854
normal,1.0252211980819703,0.5987
normal,1.0252211980819703,0.60472
normal,1.0252211980819703,0.6116
normal,1.0252211980819703,0.61684
normal,1.0252211980819703,0.62334
normal,1.0252211980819703,0.62686
normal,1.0252211980819703,0.63652
normal,1.0252211980819703,0.6395
normal,1.0252211980819703,0.64668
normal,1.0252211980819703,0.65
normal,1.0252211980819703,0.65546
normal,1.0252211980819703,0.66062
normal,1.0252211980819703,0.66712
normal,1.0252211980819703,0.66982
normal,1.0252211980819703,0.67396
normal,1.0252211980819703,0.67714
normal,1.0252211980819703,0.68368
normal,1.0252211980819703,0.68634
normal,1.0252211980819703,0.692
normal,1.0252211980819703,0.69722
normal,1.0252211980819703,0.69952
normal,1.0252211980819703,0.70454
normal,1.0252211980819703,0.70676
normal,1.0252211980819703,0.71038
normal,1.0090368531942369,0.16726
normal,1.0090368531942369,0.30588
normal,1.0090368531942369,0.36528
normal,1.0090368531942369,0.40886
normal,1.0090368531942369,0.44144
normal,1.0090368531942369,0.4668
normal,1.0090368531942369,0.48756
normal,1.0090368531942369,0.50522
normal,1.0090368531942369,0.51862
normal,1.0090368531942369,0.52766
normal,1.0090368531942369,0.54366
normal,1.0090368531942369,0.55248
normal,1.0090368531942369,0.56318
normal,1.0090368531942369,0.56846
normal,1.0090368531942369,0.58032
normal,1.0090368531942369,0.58854
normal,1.0090368531942369,0.5987
normal,1.0090368531942369,0.60472
normal,1.0090368531942369,0.6116
normal,1.0090368531942369,0.61684
normal,1.0090368531942369,0.62334
normal,1.0090368531942369,0.62686
normal,1.0090368531942369,0.63652
normal,1.0090368531942369,0.6395
normal,1.0090368531942369,0.64668
normal,1.0090368531942369,0.65
normal,1.0090368531942369,0.65546
normal,1.0090368531942369,0.66062
normal,1.0090368531942369,0.66712
normal,1.0090368531942369,0.66982
normal,1.0090368531942369,0.67396
normal,1.0090368531942369,0.67714
normal,1.0090368531942369,0.68368
normal,1.0090368531942369,0.68634
normal,1.0090368531942369,0.692
normal,1.0090368531942369,0.69722
normal,1.0090368531942369,0.69952
normal,1.0090368531942369,0.70454
normal,1.0090368531942369,0.70676
normal,1.0090368531942369,0.71038
normal,0.9963485728502274,0.16726
normal,0.9963485728502274,0.30588
normal,0.9963485728502274,0.36528
normal,0.9963485728502274,0.40886
normal,0.9963485728502274,0.44144
normal,0.9963485728502274,0.4668
normal,0.9963485728502274,0.48756
normal,0.9963485728502274,0.50522
normal,0.9963485728502274,0.51862
normal,0.9963485728502274,0.52766
normal,0.9963485728502274,0.54366
normal,0.9963485728502274,0.55248
normal,0.9963485728502274,0.56318
normal,0.9963485728502274,0.56846
normal,0.9963485728502274,0.58032
normal,0.9963485728502274,0.58854
normal,0.9963485728502274,0.5987
normal,0.9963485728502274,0.60472
normal,0.9963485728502274,0.6116
normal,0.9963485728502274,0.61684
normal,0.9963485728502274,0.62334
normal,0.9963485728502274,0.62686
normal,0.9963485728502274,0.63652
normal,0.9963485728502274,0.6395
normal,0.9963485728502274,0.64668
normal,0.9963485728502274,0.65
normal,0.9963485728502274,0.65546
normal,0.9963485728502274,0.66062
normal,0.9963485728502274,0.66712
normal,0.9963485728502274,0.66982
normal,0.9963485728502274,0.67396
normal,0.9963485728502274,0.67714
normal,0.9963485728502274,0.68368
normal,0.9963485728502274,0.68634
normal,0.9963485728502274,0.692
normal,0.9963485728502274,0.69722
normal,0.9963485728502274,0.69952
normal,0.9963485728502274,0.70454
normal,0.9963485728502274,0.70676
normal,0.9963485728502274,0.71038
normal,0.9808661305904388,0.16726
normal,0.9808661305904388,0.30588
normal,0.9808661305904388,0.36528
normal,0.9808661305904388,0.40886
normal,0.9808661305904388,0.44144
normal,0.9808661305904388,0.4668
normal,0.9808661305904388,0.48756
normal,0.9808661305904388,0.50522
normal,0.9808661305904388,0.51862
normal,0.9808661305904388,0.52766
normal,0.9808661305904388,0.54366
normal,0.9808661305904388,0.55248
normal,0.9808661305904388,0.56318
normal,0.9808661305904388,0.56846
normal,0.9808661305904388,0.58032
normal,0.9808661305904388,0.58854
normal,0.9808661305904388,0.5987
normal,0.9808661305904388,0.60472
normal,0.9808661305904388,0.6116
normal,0.9808661305904388,0.61684
normal,0.9808661305904388,0.62334
normal,0.9808661305904388,0.62686
normal,0.9808661305904388,0.63652
normal,0.9808661305904388,0.6395
normal,0.9808661305904388,0.64668
normal,0.9808661305904388,0.65
normal,0.9808661305904388,0.65546
normal,0.9808661305904388,0.66062
normal,0.9808661305904388,0.66712
normal,0.9808661305904388,0.66982
normal,0.9808661305904388,0.67396
normal,0.9808661305904388,0.67714
normal,0.9808661305904388,0.68368
normal,0.9808661305904388,0.68634
normal,0.9808661305904388,0.692
normal,0.9808661305904388,0.69722
normal,0.9808661305904388,0.69952
normal,0.9808661305904388,0.70454
normal,0.9808661305904388,0.70676
normal,0.9808661305904388,0.71038
normal,0.9698590303659439,0.16726
normal,0.9698590303659439,0.30588
normal,0.9698590303659439,0.36528
normal,0.9698590303659439,0.40886
normal,0.9698590303659439,0.44144
normal,0.9698590303659439,0.4668
normal,0.9698590303659439,0.48756
normal,0.9698590303659439,0.50522
normal,0.9698590303659439,0.51862
normal,0.9698590303659439,0.52766
normal,0.9698590303659439,0.54366
normal,0.9698590303659439,0.55248
normal,0.9698590303659439,0.56318
normal,0.9698590303659439,0.56846
normal,0.9698590303659439,0.58032
normal,0.9698590303659439,0.58854
normal,0.9698590303659439,0.5987
normal,0.9698590303659439,0.60472
normal,0.9698590303659439,0.6116
normal,0.9698590303659439,0.61684
normal,0.9698590303659439,0.62334
normal,0.9698590303659439,0.62686
normal,0.9698590303659439,0.63652
normal,0.9698590303659439,0.6395
normal,0.9698590303659439,0.64668
normal,0.9698590303659439,0.65
normal,0.9698590303659439,0.65546
normal,0.9698590303659439,0.66062
normal,0.9698590303659439,0.66712
normal,0.9698590303659439,0.66982
normal,0.9698590303659439,0.67396
normal,0.9698590303659439,0.67714
normal,0.9698590303659439,0.68368
normal,0.9698590303659439,0.68634
normal,0.9698590303659439,0.692
normal,0.9698590303659439,0.69722
normal,0.9698590303659439,0.69952
normal,0.9698590303659439,0.70454
normal,0.9698590303659439,0.70676
normal,0.9698590303659439,0.71038
normal,0.9534971634149552,0.16726
normal,0.9534971634149552,0.30588
normal,0.9534971634149552,0.36528
normal,0.9534971634149552,0.40886
normal,0.9534971634149552,0.44144
normal,0.9534971634149552,0.4668
normal,0.9534971634149552,0.48756
normal,0.9534971634149552,0.50522
normal,0.9534971634149552,0.51862
normal,0.9534971634149552,0.52766
normal,0.9534971634149552,0.54366
normal,0.9534971634149552,0.55248
normal,0.9534971634149552,0.56318
normal,0.9534971634149552,0.56846
normal,0.9534971634149552,0.58032
normal,0.9534971634149552,0.58854
normal,0.9534971634149552,0.5987
normal,0.9534971634149552,0.60472
normal,0.9534971634149552,0.6116
normal,0.9534971634149552,0.61684
normal,0.9534971634149552,0.62334
normal,0.9534971634149552,0.62686
normal,0.9534971634149552,0.63652
normal,0.9534971634149552,0.6395
normal,0.9534971634149552,0.64668
normal,0.9534971634149552,0.65
normal,0.9534971634149552,0.65546
normal,0.9534971634149552,0.66062
normal,0.9534971634149552,0.66712
normal,0.9534971634149552,0.66982
normal,0.9534971634149552,0.67396
normal,0.9534971634149552,0.67714
normal,0.9534971634149552,0.68368
normal,0.9534971634149552,0.68634
normal,0.9534971634149552,0.692
normal,0.9534971634149552,0.69722
normal,0.9534971634149552,0.69952
normal,0.9534971634149552,0.70454
normal,0.9534971634149552,0.70676
normal,0.9534971634149552,0.71038
normal,0.9441703060865402,0.16726
normal,0.9441703060865402,0.30588
normal,0.9441703060865402,0.36528
normal,0.9441703060865402,0.40886
normal,0.9441703060865402,0.44144
normal,0.9441703060865402,0.4668
normal,0.9441703060865402,0.48756
normal,0.9441703060865402,0.50522
normal,0.9441703060865402,0.51862
normal,0.9441703060865402,0.52766
normal,0.9441703060865402,0.54366
normal,0.9441703060865402,0.55248
normal,0.9441703060865402,0.56318
normal,0.9441703060865402,0.56846
normal,0.9441703060865402,0.58032
normal,0.9441703060865402,0.58854
normal,0.9441703060865402,0.5987
normal,0.9441703060865402,0.60472
normal,0.9441703060865402,0.6116
normal,0.9441703060865402,0.61684
normal,0.9441703060865402,0.62334
normal,0.9441703060865402,0.62686
normal,0.9441703060865402,0.63652
normal,0.9441703060865402,0.6395
normal,0.9441703060865402,0.64668
normal,0.9441703060865402,0.65
normal,0.9441703060865402,0.65546
normal,0.9441703060865402,0.66062
normal,0.9441703060865402,0.66712
normal,0.9441703060865402,0.66982
normal,0.9441703060865402,0.67396
normal,0.9441703060865402,0.67714
normal,0.9441703060865402,0.68368
normal,0.9441703060865402,0.68634
normal,0.9441703060865402,0.692
normal,0.9441703060865402,0.69722
normal,0.9441703060865402,0.69952
normal,0.9441703060865402,0.70454
normal,0.9441703060865402,0.70676
normal,0.9441703060865402,0.71038
normal,0.9324242235422134,0.16726
normal,0.9324242235422134,0.30588
normal,0.9324242235422134,0.36528
normal,0.9324242235422134,0.40886
normal,0.9324242235422134,0.44144
normal,0.9324242235422134,0.4668
normal,0.9324242235422134,0.48756
normal,0.9324242235422134,0.50522
normal,0.9324242235422134,0.51862
normal,0.9324242235422134,0.52766
normal,0.9324242235422134,0.54366
normal,0.9324242235422134,0.55248
normal,0.9324242235422134,0.56318
normal,0.9324242235422134,0.56846
normal,0.9324242235422134,0.58032
normal,0.9324242235422134,0.58854
normal,0.9324242235422134,0.5987
normal,0.9324242235422134,0.60472
normal,0.9324242235422134,0.6116
normal,0.9324242235422134,0.61684
normal,0.9324242235422134,0.62334
normal,0.9324242235422134,0.62686
normal,0.9324242235422134,0.63652
normal,0.9324242235422134,0.6395
normal,0.9324242235422134,0.64668
normal,0.9324242235422134,0.65
normal,0.9324242235422134,0.65546
normal,0.9324242235422134,0.66062
normal,0.9324242235422134,0.66712
normal,0.9324242235422134,0.66982
normal,0.9324242235422134,0.67396
normal,0.9324242235422134,0.67714
normal,0.9324242235422134,0.68368
normal,0.9324242235422134,0.68634
normal,0.9324242235422134,0.692
normal,0.9324242235422134,0.69722
normal,0.9324242235422134,0.69952
normal,0.9324242235422134,0.70454
normal,0.9324242235422134,0.70676
normal,0.9324242235422134,0.71038
normal,0.9199294986724853,0.16726
normal,0.9199294986724853,0.30588
normal,0.9199294986724853,0.36528
normal,0.9199294986724853,0.40886
normal,0.9199294986724853,0.44144
normal,0.9199294986724853,0.4668
normal,0.9199294986724853,0.48756
normal,0.9199294986724853,0.50522
normal,0.9199294986724853,0.51862
normal,0.9199294986724853,0.52766
normal,0.9199294986724853,0.54366
normal,0.9199294986724853,0.55248
normal,0.9199294986724853,0.56318
normal,0.9199294986724853,0.56846
normal,0.9199294986724853,0.58032
normal,0.9199294986724853,0.58854
normal,0.9199294986724853,0.5987
normal,0.9199294986724853,0.60472
normal,0.9199294986724853,0.6116
normal,0.9199294986724853,0.61684
normal,0.9199294986724853,0.62334
normal,0.9199294986724853,0.62686
normal,0.9199294986724853,0.63652
normal,0.9199294986724853,0.6395
normal,0.9199294986724853,0.64668
normal,0.9199294986724853,0.65
normal,0.9199294986724853,0.65546
normal,0.9199294986724853,0.66062
normal,0.9199294986724853,0.66712
normal,0.9199294986724853,0.66982
normal,0.9199294986724853,0.67396
normal,0.9199294986724853,0.67714
normal,0.9199294986724853,0.68368
normal,0.9199294986724853,0.68634
normal,0.9199294986724853,0.692
normal,0.9199294986724853,0.69722
normal,0.9199294986724853,0.69952
normal,0.9199294986724853,0.70454
normal,0.9199294986724853,0.70676
normal,0.9199294986724853,0.71038
normal,0.9066287522315979,0.16726
normal,0.9066287522315979,0.30588
normal,0.9066287522315979,0.36528
normal,0.9066287522315979,0.40886
normal,0.9066287522315979,0.44144
normal,0.9066287522315979,0.4668
normal,0.9066287522315979,0.48756
normal,0.9066287522315979,0.50522
normal,0.9066287522315979,0.51862
normal,0.9066287522315979,0.52766
normal,0.9066287522315979,0.54366
normal,0.9066287522315979,0.55248
normal,0.9066287522315979,0.56318
normal,0.9066287522315979,0.56846
normal,0.9066287522315979,0.58032
normal,0.9066287522315979,0.58854
normal,0.9066287522315979,0.5987
normal,0.9066287522315979,0.60472
normal,0.9066287522315979,0.6116
normal,0.9066287522315979,0.61684
normal,0.9066287522315979,0.62334
normal,0.9066287522315979,0.62686
normal,0.9066287522315979,0.63652
normal,0.9066287522315979,0.6395
normal,0.9066287522315979,0.64668
normal,0.9066287522315979,0.65
normal,0.9066287522315979,0.65546
normal,0.9066287522315979,0.66062
normal,0.9066287522315979,0.66712
normal,0.9066287522315979,0.66982
normal,0.9066287522315979,0.67396
normal,0.9066287522315979,0.67714
normal,0.9066287522315979,0.68368
normal,0.9066287522315979,0.68634
normal,0.9066287522315979,0.692
normal,0.9066287522315979,0.69722
normal,0.9066287522315979,0.69952
normal,0.9066287522315979,0.70454
normal,0.9066287522315979,0.70676
normal,0.9066287522315979,0.71038
normal,0.8959100096225738,0.16726
normal,0.8959100096225738,0.30588
normal,0.8959100096225738,0.36528
normal,0.8959100096225738,0.40886
normal,0.8959100096225738,0.44144
normal,0.8959100096225738,0.4668
normal,0.8959100096225738,0.48756
normal,0.8959100096225738,0.50522
normal,0.8959100096225738,0.51862
normal,0.8959100096225738,0.52766
normal,0.8959100096225738,0.54366
normal,0.8959100096225738,0.55248
normal,0.8959100096225738,0.56318
normal,0.8959100096225738,0.56846
normal,0.8959100096225738,0.58032
normal,0.8959100096225738,0.58854
normal,0.8959100096225738,0.5987
normal,0.8959100096225738,0.60472
normal,0.8959100096225738,0.6116
normal,0.8959100096225738,0.61684
normal,0.8959100096225738,0.62334
normal,0.8959100096225738,0.62686
normal,0.8959100096225738,0.63652
normal,0.8959100096225738,0.6395
normal,0.8959100096225738,0.64668
normal,0.8959100096225738,0.65
normal,0.8959100096225738,0.65546
normal,0.8959100096225738,0.66062
normal,0.8959100096225738,0.66712
normal,0.8959100096225738,0.66982
normal,0.8959100096225738,0.67396
normal,0.8959100096225738,0.67714
normal,0.8959100096225738,0.68368
normal,0.8959100096225738,0.68634
normal,0.8959100096225738,0.692
normal,0.8959100096225738,0.69722
normal,0.8959100096225738,0.69952
normal,0.8959100096225738,0.70454
normal,0.8959100096225738,0.70676
normal,0.8959100096225738,0.71038
normal,0.8835974502563476,0.16726
normal,0.8835974502563476,0.30588
normal,0.8835974502563476,0.36528
normal,0.8835974502563476,0.40886
normal,0.8835974502563476,0.44144
normal,0.8835974502563476,0.4668
normal,0.8835974502563476,0.48756
normal,0.8835974502563476,0.50522
normal,0.8835974502563476,0.51862
normal,0.8835974502563476,0.52766
normal,0.8835974502563476,0.54366
normal,0.8835974502563476,0.55248
normal,0.8835974502563476,0.56318
normal,0.8835974502563476,0.56846
normal,0.8835974502563476,0.58032
normal,0.8835974502563476,0.58854
normal,0.8835974502563476,0.5987
normal,0.8835974502563476,0.60472
normal,0.8835974502563476,0.6116
normal,0.8835974502563476,0.61684
normal,0.8835974502563476,0.62334
normal,0.8835974502563476,0.62686
normal,0.8835974502563476,0.63652
normal,0.8835974502563476,0.6395
normal,0.8835974502563476,0.64668
normal,0.8835974502563476,0.65
normal,0.8835974502563476,0.65546
normal,0.8835974502563476,0.66062
normal,0.8835974502563476,0.66712
normal,0.8835974502563476,0.66982
normal,0.8835974502563476,0.67396
normal,0.8835974502563476,0.67714
normal,0.8835974502563476,0.68368
normal,0.8835974502563476,0.68634
normal,0.8835974502563476,0.692
normal,0.8835974502563476,0.69722
normal,0.8835974502563476,0.69952
normal,0.8835974502563476,0.70454
normal,0.8835974502563476,0.70676
normal,0.8835974502563476,0.71038
normal,0.873585090994835,0.16726
normal,0.873585090994835,0.30588
normal,0.873585090994835,0.36528
normal,0.873585090994835,0.40886
normal,0.873585090994835,0.44144
normal,0.873585090994835,0.4668
normal,0.873585090994835,0.48756
normal,0.873585090994835,0.50522
normal,0.873585090994835,0.51862
normal,0.873585090994835,0.52766
normal,0.873585090994835,0.54366
normal,0.873585090994835,0.55248
normal,0.873585090994835,0.56318
normal,0.873585090994835,0.56846
normal,0.873585090994835,0.58032
normal,0.873585090994835,0.58854
normal,0.873585090994835,0.5987
normal,0.873585090994835,0.60472
normal,0.873585090994835,0.6116
normal,0.873585090994835,0.61684
normal,0.873585090994835,0.62334
normal,0.873585090994835,0.62686
normal,0.873585090994835,0.63652
normal,0.873585090994835,0.6395
normal,0.873585090994835,0.64668
normal,0.873585090994835,0.65
normal,0.873585090994835,0.65546
normal,0.873585090994835,0.66062
normal,0.873585090994835,0.66712
normal,0.873585090994835,0.66982
normal,0.873585090994835,0.67396
normal,0.873585090994835,0.67714
normal,0.873585090994835,0.68368
normal,0.873585090994835,0.68634
normal,0.873585090994835,0.692
normal,0.873585090994835,0.69722
normal,0.873585090994835,0.69952
normal,0.873585090994835,0.70454
normal,0.873585090994835,0.70676
normal,0.873585090994835,0.71038
normal,0.8629566036462784,0.16726
normal,0.8629566036462784,0.30588
normal,0.8629566036462784,0.36528
normal,0.8629566036462784,0.40886
normal,0.8629566036462784,0.44144
normal,0.8629566036462784,0.4668
normal,0.8629566036462784,0.48756
normal,0.8629566036462784,0.50522
normal,0.8629566036462784,0.51862
normal,0.8629566036462784,0.52766
normal,0.8629566036462784,0.54366
normal,0.8629566036462784,0.55248
normal,0.8629566036462784,0.56318
normal,0.8629566036462784,0.56846
normal,0.8629566036462784,0.58032
normal,0.8629566036462784,0.58854
normal,0.8629566036462784,0.5987
normal,0.8629566036462784,0.60472
normal,0.8629566036462784,0.6116
normal,0.8629566036462784,0.61684
normal,0.8629566036462784,0.62334
normal,0.8629566036462784,0.62686
normal,0.8629566036462784,0.63652
normal,0.8629566036462784,0.6395
normal,0.8629566036462784,0.64668
normal,0.8629566036462784,0.65
normal,0.8629566036462784,0.65546
normal,0.8629566036462784,0.66062
normal,0.8629566036462784,0.66712
normal,0.8629566036462784,0.66982
normal,0.8629566036462784,0.67396
normal,0.8629566036462784,0.67714
normal,0.8629566036462784,0.68368
normal,0.8629566036462784,0.68634
normal,0.8629566036462784,0.692
normal,0.8629566036462784,0.69722
normal,0.8629566036462784,0.69952
normal,0.8629566036462784,0.70454
normal,0.8629566036462784,0.70676
normal,0.8629566036462784,0.71038
normal,0.8513486721515655,0.16726
normal,0.8513486721515655,0.30588
normal,0.8513486721515655,0.36528
normal,0.8513486721515655,0.40886
normal,0.8513486721515655,0.44144
normal,0.8513486721515655,0.4668
normal,0.8513486721515655,0.48756
normal,0.8513486721515655,0.50522
normal,0.8513486721515655,0.51862
normal,0.8513486721515655,0.52766
normal,0.8513486721515655,0.54366
normal,0.8513486721515655,0.55248
normal,0.8513486721515655,0.56318
normal,0.8513486721515655,0.56846
normal,0.8513486721515655,0.58032
normal,0.8513486721515655,0.58854
normal,0.8513486721515655,0.5987
normal,0.8513486721515655,0.60472
normal,0.8513486721515655,0.6116
normal,0.8513486721515655,0.61684
normal,0.8513486721515655,0.62334
normal,0.8513486721515655,0.62686
normal,0.8513486721515655,0.63652
normal,0.8513486721515655,0.6395
normal,0.8513486721515655,0.64668
normal,0.8513486721515655,0.65
normal,0.8513486721515655,0.65546
normal,0.8513486721515655,0.66062
normal,0.8513486721515655,0.66712
normal,0.8513486721515655,0.66982
normal,0.8513486721515655,0.67396
normal,0.8513486721515655,0.67714
normal,0.8513486721515655,0.68368
normal,0.8513486721515655,0.68634
normal,0.8513486721515655,0.692
normal,0.8513486721515655,0.69722
normal,0.8513486721515655,0.69952
normal,0.8513486721515655,0.70454
normal,0.8513486721515655,0.70676
normal,0.8513486721515655,0.71038
normal,0.8409805285930634,0.16726
normal,0.8409805285930634,0.30588
normal,0.8409805285930634,0.36528
normal,0.8409805285930634,0.40886
normal,0.8409805285930634,0.44144
normal,0.8409805285930634,0.4668
normal,0.8409805285930634,0.48756
normal,0.8409805285930634,0.50522
normal,0.8409805285930634,0.51862
normal,0.8409805285930634,0.52766
normal,0.8409805285930634,0.54366
normal,0.8409805285930634,0.55248
normal,0.8409805285930634,0.56318
normal,0.8409805285930634,0.56846
normal,0.8409805285930634,0.58032
normal,0.8409805285930634,0.58854
normal,0.8409805285930634,0.5987
normal,0.8409805285930634,0.60472
normal,0.8409805285930634,0.6116
normal,0.8409805285930634,0.61684
normal,0.8409805285930634,0.62334
normal,0.8409805285930634,0.62686
normal,0.8409805285930634,0.63652
normal,0.8409805285930634,0.6395
normal,0.8409805285930634,0.64668
normal,0.8409805285930634,0.65
normal,0.8409805285930634,0.65546
normal,0.8409805285930634,0.66062
normal,0.8409805285930634,0.66712
normal,0.8409805285930634,0.66982
normal,0.8409805285930634,0.67396
normal,0.8409805285930634,0.67714
normal,0.8409805285930634,0.68368
normal,0.8409805285930634,0.68634
normal,0.8409805285930634,0.692
normal,0.8409805285930634,0.69722
normal,0.8409805285930634,0.69952
normal,0.8409805285930634,0.70454
normal,0.8409805285930634,0.70676
normal,0.8409805285930634,0.71038
normal,0.8327365055084228,0.16726
normal,0.8327365055084228,0.30588
normal,0.8327365055084228,0.36528
normal,0.8327365055084228,0.40886
normal,0.8327365055084228,0.44144
normal,0.8327365055084228,0.4668
normal,0.8327365055084228,0.48756
normal,0.8327365055084228,0.50522
normal,0.8327365055084228,0.51862
normal,0.8327365055084228,0.52766
normal,0.8327365055084228,0.54366
normal,0.8327365055084228,0.55248
normal,0.8327365055084228,0.56318
normal,0.8327365055084228,0.56846
normal,0.8327365055084228,0.58032
normal,0.8327365055084228,0.58854
normal,0.8327365055084228,0.5987
normal,0.8327365055084228,0.60472
normal,0.8327365055084228,0.6116
normal,0.8327365055084228,0.61684
normal,0.8327365055084228,0.62334
normal,0.8327365055084228,0.62686
normal,0.8327365055084228,0.63652
normal,0.8327365055084228,0.6395
normal,0.8327365055084228,0.64668
normal,0.8327365055084228,0.65
normal,0.8327365055084228,0.65546
normal,0.8327365055084228,0.66062
normal,0.8327365055084228,0.66712
normal,0.8327365055084228,0.66982
normal,0.8327365055084228,0.67396
normal,0.8327365055084228,0.67714
normal,0.8327365055084228,0.68368
normal,0.8327365055084228,0.68634
normal,0.8327365055084228,0.692
normal,0.8327365055084228,0.69722
normal,0.8327365055084228,0.69952
normal,0.8327365055084228,0.70454
normal,0.8327365055084228,0.70676
normal,0.8327365055084228,0.71038
